User ID,Initial Power Consumption,Resource Reduction,Updated Power Consumption,Bid Amount,Power Saved
180,90,1089,0,0,90
70,80,64,160,0,0
150,60,364,84,0,0
350,60,121,72,0,0
430,40,244,80,0,0
10,20,41,40,0,0
1260,70,1075,0,0,70
1110,20,66,56,0,0
1640,50,365,0,0,50
1290,100,1974,180,0,0
1750,60,194,36,0,24
1870,80,549,0,0,80
31,41,206,0,369,41
141,51,487,0,561,51
20,30,61,0,0,30
330,40,293,80,0,0
1550,60,704,84,0,0
380,90,834,252,0,0
540,50,466,0,0,50
130,40,260,80,0,0
460,70,113,126,0,0
450,60,583,0,0,60
750,60,364,0,0,60
1580,90,471,0,0,90
780,90,1016,72,0,18
490,100,362,140,0,0
850,60,631,48,0,12
1630,40,195,0,0,40
570,80,1227,0,0,80
900,10,21,18,0,0
170,80,1195,32,0,48
190,100,1088,220,0,0
300,10,17,18,0,0
510,20,24,40,0,0
590,100,443,260,0,0
860,70,56,168,0,0
290,100,201,0,0,100
920,30,110,48,0,0
480,90,1488,0,0,90
980,90,544,144,0,0
410,20,24,0,0,20
191,101,1936,162,2121,0
520,30,86,0,0,30
470,80,64,64,0,16
890,100,161,180,0,0
1310,20,49,36,0,0
1350,60,680,12,0,48
1240,50,20,0,0,50
1160,70,339,0,0,70
1080,90,1415,0,0,90
1280,90,1379,0,0,90
1130,40,146,8,0,32
71,81,464,32,1377,49
641,51,0,0,561,51
650,60,437,0,0,60
730,40,260,8,0,32
1440,50,20,10,0,40
840,50,121,20,0,30
930,40,16,0,0,40
770,80,355,0,0,80
1200,10,17,31,0,0
1480,90,508,0,0,90
1650,60,267,120,0,0
1300,10,17,18,0,0
881,91,1115,219,1729,0
1540,50,60,60,0,0
1651,61,655,12,793,49
11,21,101,25,105,0
791,101,1689,0,2121,101
1620,30,49,91,0,0
1251,61,680,0,793,61
251,61,201,0,793,61
1340,50,527,140,0,0
1510,20,41,24,0,0
1561,71,934,200,1065,0
1061,71,700,114,1065,0
1170,80,646,16,0,64
1690,100,1934,0,0,100
1960,70,792,126,0,0
861,71,0,57,1065,14
1920,30,61,84,0,0
81,91,1004,36,1729,55
1990,100,2135,0,0,100
161,71,146,114,1065,0
1191,101,206,162,2121,0
1940,50,121,120,0,0
1590,100,483,20,0,80
1490,100,1209,0,0,100
120,30,196,60,0,0
1380,90,326,36,0,54
211,21,101,47,105,0
550,60,510,0,0,60
221,31,52,6,217,25
790,100,1894,240,0,0
30,40,48,0,0,40
690,100,2216,80,0,20
620,30,12,60,0,0
580,90,108,108,0,0
240,50,243,90,0,0
270,80,32,128,0,0
500,10,4,22,0,0
710,20,66,0,0,20
740,50,40,0,0,50
440,50,81,0,0,50
600,10,4,0,0,10
80,90,36,180,0,0
1030,40,211,8,0,32
1711,21,92,0,105,21
1451,61,630,147,793,0
140,50,182,90,0,0
530,40,130,80,0,0
310,20,0,0,0,20
1520,30,196,24,0,6
320,30,61,84,0,0
131,41,309,0,369,41
800,10,4,22,0,0
231,41,103,83,369,0
1840,50,527,90,0,0
820,30,123,0,0,30
1180,90,1488,36,0,54
870,80,742,0,0,80
1460,70,254,14,0,56
461,71,379,85,1065,0
340,50,385,0,0,50
670,80,904,192,0,0
1780,90,1306,0,0,90
910,20,8,32,0,0
1190,100,1974,220,0,0
1020,30,196,0,0,30
610,20,41,12,0,8
1210,20,24,0,0,20
720,30,184,84,0,0
940,50,284,40,0,10
1720,30,0,48,0,0
1320,30,159,0,0,30
700,10,8,31,0,0
1230,40,81,80,0,0
901,11,10,0,33,11
1860,70,650,211,0,0
951,61,352,172,793,0
821,31,0,88,217,0
40,50,223,0,0,50
50,60,48,0,0,60
250,60,194,132,0,0
711,21,92,0,105,21
950,60,461,0,0,60
640,50,345,110,0,0
591,101,1400,0,2121,101
1021,31,52,0,217,31
681,91,929,183,1729,0
760,70,905,84,0,0
1570,80,1130,0,0,80
601,11,20,0,33,11
1010,20,16,36,0,0
960,70,0,140,0,0
151,61,151,185,793,0
630,40,146,112,0,0
810,20,58,44,0,0
970,80,904,32,0,48
1430,40,65,112,0,0
1500,10,0,31,0,0
1530,40,260,88,0,0
1060,70,424,112,0,0
1070,80,646,128,0,0
1031,41,86,0,369,41
1330,40,326,112,0,0
1950,60,510,0,0,60
1100,10,21,8,0,2
1351,61,604,0,793,61
1140,50,284,140,0,0
1241,51,21,71,561,0
1001,11,15,32,33,0
1511,21,9,0,105,21
1041,51,296,144,561,0
271,81,1361,32,1377,49
1220,30,172,0,0,30
1470,80,710,144,0,0
1040,50,162,30,0,20
1370,80,1195,32,0,48
100,10,12,2,0,8
1521,31,171,0,217,31
880,90,834,0,0,90
1810,20,0,40,0,0
911,21,9,34,105,0
1000,10,17,2,0,8
1150,60,583,120,0,0
1610,20,66,24,0,0
990,100,644,200,0,0
1270,80,839,112,0,0
761,71,350,43,1065,28
1591,101,1606,121,2121,0
1181,91,446,55,1729,36
961,71,730,128,1065,0
1681,91,1673,109,1729,0
1231,41,378,108,369,0
1740,50,487,40,0,10
1090,100,685,140,0,0
172,82,988,66,2870,16
541,51,339,123,561,0
1710,20,24,16,0,4
1820,30,123,48,0,0
1850,60,607,120,0,0
1371,81,1095,0,1377,81
1830,40,293,0,0,40
1800,10,0,0,0,10
41,51,127,10,561,41
91,101,1071,0,2121,101
830,40,293,0,0,40
400,10,21,4,0,6
1790,100,1088,120,0,0
181,91,446,55,1729,36
1970,80,549,16,0,64
1861,71,379,0,1065,71
971,81,630,163,1377,0
210,20,58,8,0,12
1700,10,4,16,0,0
260,70,622,0,0,70
1660,70,198,28,0,42
680,90,943,271,0,0
1360,70,735,98,0,0
230,40,32,24,0,16
660,70,283,56,0,14
420,30,0,18,0,12
220,30,159,84,0,0
1212,22,121,0,242,22
1011,21,82,51,105,0
132,42,90,0,798,42
1262,72,1173,130,2232,0
692,102,421,0,4386,102
1931,41,0,91,369,0
1410,20,33,28,0,0
1282,92,114,74,3588,18
891,101,2183,162,2121,0
381,91,855,0,1729,91
431,41,275,16,369,25
552,62,208,150,1674,0
1121,31,224,88,217,0
841,51,21,0,561,51
532,42,199,25,798,17
502,12,18,0,84,12
412,22,111,0,242,22
482,92,1447,279,3588,0
631,41,34,0,369,41
1961,71,613,0,1065,71
972,82,1261,16,2870,66
862,72,722,0,2232,72
622,32,84,26,480,6
101,11,31,13,33,0
321,31,92,19,217,12
612,22,101,40,242,0
642,52,486,62,1196,0
1171,81,1361,0,1377,81
921,31,105,43,217,0
501,11,10,0,33,11
1771,81,1394,179,1377,0
521,31,79,43,217,0
592,102,2020,61,4386,41
992,102,505,20,4386,82
51,61,75,0,793,61
252,62,574,100,1674,0
551,61,201,85,793,0
1731,41,275,57,369,0
272,82,238,115,2870,0
672,82,647,16,2870,66
1432,42,126,0,798,42
1,11,10,0,33,11
902,12,18,0,84,12
1541,51,254,113,561,0
1092,102,2231,61,4386,41
1162,72,812,130,2232,0
1111,21,82,38,105,0
281,91,1115,109,1729,0
1342,52,353,0,1196,52
1161,71,292,28,1065,43
1930,40,32,121,0,0
212,22,20,36,242,0
1671,81,298,212,1377,0
1880,90,1197,271,0,0
1670,80,64,32,0,48
360,70,650,196,0,0
1352,62,417,0,1674,62
171,81,165,146,1377,0
1472,82,852,66,2870,16
1101,11,5,15,33,0
621,31,79,88,217,0
1730,40,211,24,0,16
1361,71,613,157,1065,0
572,82,238,249,2870,0
1152,62,495,12,1674,50
1502,12,36,20,84,0
110,20,49,32,0,0
1631,41,275,74,369,0
1941,51,381,82,561,0
1462,72,872,130,2232,0
1492,102,1936,0,4386,102
1400,10,4,28,0,0
1281,91,1339,0,1729,91
142,52,309,116,1196,0
362,72,361,160,2232,0
1441,51,106,71,561,0
1600,10,0,28,0,0
1642,52,198,137,1196,0
21,31,171,0,217,31
1582,92,1714,185,3588,0
581,91,1227,0,1729,91
1662,72,331,0,2232,72
1431,41,51,0,369,41
1752,62,339,112,1674,0
1692,102,673,0,4386,102
62,72,842,0,2232,72
1301,11,5,27,33,0
1632,42,90,85,798,0
1331,41,258,25,369,16
1271,81,132,32,1377,49
1882,92,1676,241,3588,0
1742,52,375,62,1196,0
1792,102,505,309,4386,0
1842,52,198,0,1196,52
851,61,352,160,793,0
811,21,0,64,105,0
162,72,1083,101,2232,0
1721,31,145,0,217,31
342,52,397,159,1196,0
1311,21,101,60,105,0
1022,32,141,78,480,0
201,11,10,4,33,7
952,62,287,0,1674,62
1272,82,1534,115,2870,0
301,11,5,15,33,0
832,42,126,59,798,0
1002,12,30,0,84,12
1531,41,34,66,369,0
1601,11,20,15,33,0
1680,90,726,18,0,72
1120,30,49,36,0,0
52,62,0,138,1674,0
72,82,1057,0,2870,82
102,12,36,28,84,0
242,52,375,0,1196,52
121,31,224,6,217,25
82,92,1752,74,3588,18
932,42,380,0,798,42
42,52,464,10,1196,42
982,92,1866,74,3588,18
1781,91,148,183,1729,0
1761,71,846,57,1065,14
481,91,37,0,1729,91
1741,51,148,71,561,0
441,51,169,0,561,51
261,71,1138,85,1065,0
922,32,197,58,480,0
792,102,505,184,4386,0
492,102,378,164,4386,0
781,91,1450,55,1729,36
831,41,361,33,369,8
852,62,417,0,1674,62
1390,100,0,60,0,40
472,82,1364,32,2870,50
962,72,752,0,2232,72
531,41,154,66,369,0
1142,52,243,31,1196,21
1182,92,304,55,3588,37
1291,101,700,121,2121,0
432,42,362,8,798,34
511,21,27,38,105,0
1202,12,30,0,84,12
1232,42,18,8,798,34
421,31,145,37,217,0
691,101,1565,162,2121,0
1312,22,0,36,242,0
12,22,60,13,242,9
1051,61,478,0,793,61
2,12,6,0,84,12
1381,91,595,0,1729,91
842,52,419,10,1196,42
1332,42,362,0,798,42
1911,21,101,17,105,4
1062,72,872,28,2232,44
1691,101,1153,264,2121,0
1801,11,10,13,33,0
1422,32,56,0,480,32
471,81,995,16,1377,65
1900,10,21,6,0,4
1122,32,197,0,480,32
232,42,398,0,798,42
771,81,1460,32,1377,49
60,70,84,126,0,0
1501,11,31,9,33,2
1172,82,613,182,2870,0
1071,81,331,0,1377,81
222,32,14,0,480,32
22,32,211,38,480,0
1091,101,2266,305,2121,0
371,81,962,163,1377,0
931,41,240,0,369,41
752,62,887,138,1674,0
1641,51,296,82,561,0
202,12,0,0,84,12
241,51,212,92,561,0
1881,91,1301,73,1729,18
1611,21,73,42,105,0
353,63,675,0,2646,63
303,13,49,0,156,13
713,23,55,43,414,0
883,93,1638,150,5580,0
1392,102,547,122,4386,0
882,92,1028,241,3588,0
392,102,1978,246,4386,0
522,32,84,92,480,0
981,91,1599,0,1729,91
1811,21,92,0,105,21
1971,81,365,16,1377,65
712,22,50,45,242,0
560,70,198,98,0,0
722,32,14,0,480,32
732,42,380,34,798,8
1571,81,1427,0,1377,81
282,92,0,0,3588,92
742,52,243,0,1196,52
602,12,30,2,84,10
1581,91,929,0,1729,91
1760,70,650,0,0,70
422,32,126,45,480,0
662,72,90,86,2232,0
462,72,1053,219,2232,0
652,62,835,176,1674,0
582,92,1638,0,3588,92
1412,22,121,0,242,22
1471,81,995,179,1377,0
1481,91,1487,0,1729,91
762,72,963,86,2232,0
411,21,18,0,105,21
1452,62,574,0,1674,62
1482,92,609,279,3588,0
1243,53,667,42,1908,11
153,63,432,102,2646,0
393,103,430,82,6798,21
1242,52,419,31,1196,21
1192,102,1010,40,4386,62
182,92,1828,260,3588,0
542,52,287,0,1196,52
1420,30,0,0,0,30
401,11,0,0,33,11
1322,32,70,78,480,0
682,92,1638,166,3588,0
782,92,800,279,3588,0
822,32,28,85,480,0
872,82,1432,98,2870,0
561,71,146,0,1065,71
892,102,1052,288,4386,0
1012,22,20,31,242,0
1082,92,152,279,3588,0
1560,70,367,196,0,0
1081,91,1115,109,1729,0
112,22,101,40,242,0
562,72,301,160,2232,0
1442,52,596,20,1196,32
1382,92,419,74,3588,18
1450,60,121,0,0,60
671,81,829,0,1377,81
1391,101,206,264,2121,0
1871,81,464,0,1377,81
1702,12,12,0,84,12
491,101,1977,243,2121,0
1812,22,60,26,242,0
203,13,49,31,156,0
1980,90,108,0,0,90
473,83,350,100,4482,0
363,73,279,163,3504,0
1643,53,322,141,1908,0
1673,83,315,134,4482,0
331,41,223,0,369,41
751,61,0,0,793,61
390,100,1329,200,0,0
1362,72,481,0,2232,72
661,71,992,186,1065,0
1461,71,613,0,1065,71
352,62,52,12,1674,50
1141,51,42,123,561,0
512,22,20,36,242,0
783,93,1989,245,5580,0
943,53,69,163,1908,0
753,63,756,89,2646,0
1542,52,552,126,1196,0
160,70,1047,168,0,0
73,83,1260,134,4482,0
183,93,1365,264,5580,0
173,83,1015,15,4482,68
283,93,0,0,5580,93
693,103,1806,82,6798,21
1302,12,0,14,84,0
1372,82,1125,0,2870,82
34,44,0,17,1848,27
94,104,351,83,9360,21
1341,51,275,82,561,0
703,13,49,0,156,13
743,53,138,0,1908,53
973,83,1400,0,4482,83
1053,63,783,167,2646,0
284,94,917,0,7708,94
1083,93,1716,131,5580,0
593,103,2107,61,6798,42
1353,63,621,128,2646,0
923,33,225,12,792,21
1403,13,0,37,156,0
1373,83,105,151,4482,0
144,54,573,9,2700,45
1483,93,1872,188,5580,0
1972,82,443,198,2870,0
163,73,341,163,3504,0
1892,102,968,0,4386,102
23,33,75,0,792,33
90,100,967,0,0,100
93,103,2193,61,6798,42
1050,60,291,0,0,60
801,11,10,23,33,0
53,63,243,167,2646,0
453,63,675,0,2646,63
1713,23,55,18,414,5
1592,102,1641,0,4386,102
1732,42,271,120,798,0
812,22,0,13,242,9
1411,21,9,34,105,0
1512,22,60,18,242,4
754,64,864,51,3712,13
1602,12,36,0,84,12
1722,32,112,12,480,20
1222,32,225,0,480,32
1772,82,988,16,2870,66
111,21,9,17,105,4
991,101,247,141,2121,0
1791,101,2266,284,2121,0
341,51,508,103,561,0
701,11,20,0,33,11
1831,41,120,108,369,0
1901,11,26,0,33,11
1321,31,118,0,217,31
1532,42,398,76,798,0
1921,31,198,56,217,0
1562,72,1053,0,2232,72
1253,63,81,0,2646,63
1363,73,1147,0,3504,73
1423,33,120,103,792,0
274,84,323,0,6216,84
1682,92,1676,18,3588,74
1683,93,1326,0,5580,93
292,102,1305,0,4386,102
1401,11,5,25,33,0
402,12,36,36,84,0
1093,103,2193,82,6798,21
1013,23,0,0,414,23
1113,23,121,58,414,0
1143,53,621,20,1908,33
1043,53,598,0,1908,53
1283,93,546,0,5580,93
1073,83,1155,219,4482,0
1223,33,45,96,792,0
1413,23,0,68,414,0
1733,43,152,7,1290,36
1883,93,390,245,5580,0
1943,53,46,20,1908,33
1823,33,210,75,792,0
1953,63,675,180,2646,0
204,14,7,11,252,3
871,81,1195,0,1377,81
334,44,457,0,1848,44
454,64,864,0,3712,64
374,84,107,118,6216,0
504,14,31,47,252,0
434,44,437,62,1848,0
734,44,298,71,1848,0
804,14,0,37,252,0
814,24,119,0,624,24
954,64,362,0,3712,64
1004,14,15,17,252,0
442,52,464,0,1196,52
372,82,1466,115,2870,0
1203,13,49,16,156,0
1393,103,559,61,6798,42
554,64,139,157,3712,0
564,74,542,44,4884,30
584,94,518,151,7708,0
654,64,55,0,3712,64
924,34,63,55,1156,0
443,53,46,20,1908,33
1014,24,83,14,624,10
651,61,554,123,793,0
1164,74,606,227,4884,0
1194,104,1492,125,9360,0
721,31,198,43,217,0
391,101,1524,20,2121,81
802,12,36,20,84,0
894,104,307,19,9360,85
731,41,103,0,369,41
1201,11,31,27,33,0
1151,61,277,160,793,0
1421,31,92,43,217,0
314,24,59,61,624,0
664,74,1020,29,4884,45
1491,101,1771,305,2121,0
1234,44,179,0,1848,44
784,94,1516,113,7708,0
874,84,1507,0,6216,84
844,54,262,0,2700,54
884,94,1436,209,7708,0
1024,34,79,107,1156,0
1114,24,130,0,624,24
1770,80,484,0,0,80
291,101,700,243,2121,0
1032,42,380,76,798,0
1922,32,70,52,480,0
413,23,132,48,414,0
543,53,138,108,1908,0
794,104,1668,0,9360,104
313,23,88,68,414,0
1292,102,1852,164,4386,0
1284,94,1755,75,7708,19
1274,84,107,0,6216,84
683,93,1404,74,5580,19
1773,83,1120,15,4482,68
370,80,968,48,0,32
632,42,90,0,798,42
1354,64,362,130,3712,0
611,21,64,38,105,0
1913,23,66,18,414,5
113,23,132,0,414,23
3,13,35,10,156,3
63,73,1085,0,3504,73
1504,14,0,40,252,0
1534,44,79,127,1848,0
1494,104,2151,19,9360,85
373,83,910,117,4482,0
1573,83,595,0,4482,83
61,71,408,143,1065,0
523,33,60,19,792,14
1763,73,992,103,3504,0
1783,93,1950,283,5580,0
1893,103,1376,166,6798,0
1973,83,910,219,4482,0
1993,103,774,124,6798,0
54,64,0,0,3712,64
134,44,79,109,1848,0
64,74,957,0,4884,74
1394,104,614,0,9360,104
1444,54,525,21,2700,33
1454,64,753,197,3712,0
1544,54,167,167,2700,0
1514,24,95,71,624,0
1424,34,95,20,1156,14
1634,44,238,17,1848,27
733,43,266,25,1290,18
1593,103,559,271,6798,0
1843,53,598,42,1908,11
304,14,7,0,252,14
354,64,306,183,3712,0
1213,23,66,33,414,0
1193,103,688,40,6798,63
322,32,98,0,480,32
1293,103,774,0,6798,103
1533,43,38,106,1290,0
1653,63,216,154,2646,0
154,64,27,130,3712,0
1453,63,513,0,2646,63
1723,33,105,0,792,33
1833,43,114,0,1290,43
1503,13,49,19,156,0
1793,103,1247,145,6798,0
1623,33,225,61,792,0
1443,53,0,20,1908,33
1873,83,805,0,4482,83
1992,102,1473,82,4386,20
1982,92,38,110,3588,0
1932,42,199,85,798,0
1910,20,74,32,0,0
1102,12,18,14,84,0
1782,92,1714,185,3588,0
1832,42,416,50,798,0
13,23,33,0,414,23
311,21,36,60,105,0
953,63,459,0,2646,63
4,14,7,27,252,0
573,83,245,66,4482,17
741,51,296,113,561,0
1522,32,98,0,480,32
813,23,110,38,414,0
123,33,240,40,792,0
243,53,391,75,1908,0
213,23,44,0,414,23
423,33,135,0,792,33
963,73,124,148,3504,0
1263,73,279,0,3504,73
1433,43,380,7,1290,36
1523,33,90,40,792,0
24,34,0,0,1156,34
663,73,403,13,3504,60
1552,62,365,0,1674,62
1072,82,1364,165,2870,0
1572,82,1466,16,2870,66
1211,21,0,64,105,0
312,22,101,59,242,0
192,102,294,40,4386,62
1621,31,39,82,217,0
942,52,88,0,1196,52
332,42,54,8,798,34
344,54,95,121,2700,0
1652,62,234,125,1674,0
1261,71,321,99,1065,0
1402,12,12,0,84,12
382,92,304,185,3588,0
324,34,270,0,1156,34
571,81,730,0,1377,81
1981,91,111,73,1729,18
394,104,1712,0,9360,104
351,61,126,185,793,0
464,74,1084,211,4884,0
33,43,342,25,1290,18
43,53,437,152,1908,0
1802,12,6,30,84,0
1912,22,101,0,242,22
1852,62,495,37,1674,25
1672,82,443,182,2870,0
103,13,0,37,156,0
1962,72,692,28,2232,44
323,33,210,5,792,28
253,63,891,102,2646,0
463,73,806,163,3504,0
403,13,14,43,156,0
484,94,1835,0,7708,94
493,103,2193,0,6798,103
1612,22,121,45,242,0
583,93,1287,245,5580,0
1153,63,405,0,2646,63
1563,73,310,43,3504,30
1753,63,216,0,2646,63
494,104,2107,83,9360,21
74,84,0,187,6216,0
184,94,1556,0,7708,94
474,84,718,118,6216,0
104,14,55,0,252,14
124,34,127,77,1156,0
174,84,1507,0,6216,84
1250,60,534,96,0,0
912,22,10,0,242,22
214,24,0,39,624,0
244,54,597,144,2700,0
513,23,88,0,414,23
293,103,473,0,6798,103
503,13,42,0,156,13
263,73,1023,0,3504,73
983,93,585,36,5580,57
233,43,38,133,1290,0
1033,43,285,0,1290,43
1273,83,770,49,4482,34
744,54,382,21,2700,33
984,94,718,56,7708,38
1063,73,1085,0,3504,73
343,53,276,0,1908,53
623,33,195,0,792,33
643,53,460,0,1908,53
793,103,1634,292,6798,0
1233,43,114,97,1290,0
603,13,28,28,156,0
1313,23,11,38,414,0
913,23,99,73,414,0
773,83,105,202,4482,0
863,73,558,0,3504,73
1813,23,55,48,414,0
673,83,1225,0,4482,83
823,33,225,47,792,0
1853,63,405,37,2646,26
893,103,1247,145,6798,0
1003,13,0,37,156,0
723,33,60,54,792,0
1613,23,22,13,414,10
1173,83,1015,134,4482,0
1543,53,207,0,1908,53
594,104,1668,0,9360,104
333,43,437,88,1290,0
1023,33,135,75,792,0
1663,73,403,0,3504,73
1473,83,1085,0,4482,83
1693,103,645,313,6798,0
1553,63,486,0,2646,63
533,43,38,0,1290,43
1712,22,20,54,242,0
1513,23,22,73,414,0
1551,61,529,123,793,0
624,34,286,0,1156,34
724,34,238,107,1156,0
714,24,59,45,624,0
1762,72,240,58,2232,14
1183,93,1599,36,5580,57
993,103,946,271,6798,0
941,51,466,92,561,0
1983,93,1521,0,5580,93
1603,13,7,25,156,0
1822,32,42,6,480,26
1633,43,380,16,1290,27
1862,72,1023,86,2232,0
574,84,538,170,6216,0
1902,12,36,25,84,0
302,12,0,2,84,10
1414,24,0,66,624,0
415,25,76,14,875,11
1524,34,127,13,1156,21
1714,24,11,0,624,24
1694,104,395,41,9360,63
1644,54,286,87,2700,0
1734,44,99,0,1848,44
1743,53,644,97,1908,0
1493,103,387,208,6798,0
555,65,489,52,4875,13
565,75,852,199,6375,0
735,45,457,36,2475,9
595,105,1926,0,12075,105
1821,31,184,82,217,0
1834,44,199,99,1848,0
55,65,345,0,4875,65
125,35,302,0,1575,35
205,15,44,0,375,15
15,25,140,30,875,0
325,35,168,65,1575,0
385,95,1835,0,9975,95
1303,13,42,34,156,0
44,54,406,121,2700,0
234,44,119,81,1848,0
524,34,174,0,1156,34
1884,94,758,0,7708,94
185,95,1958,0,9975,95
534,44,278,109,1848,0
515,25,102,47,875,0
585,95,1387,291,9975,0
905,15,35,36,375,0
575,85,368,50,8075,35
705,15,35,25,375,0
635,45,291,0,2475,45
625,35,16,57,1575,0
865,75,1279,184,6375,0
825,35,319,65,1575,0
1684,94,1037,171,7708,0
885,95,40,0,9975,95
645,55,520,0,3575,55
1904,14,23,37,252,0
364,74,255,104,4884,0
345,55,99,66,3575,0
175,85,772,261,8075,0
725,35,168,65,1575,0
775,85,147,137,8075,0
424,34,174,55,1156,0
855,65,806,25,4875,40
1864,74,1244,196,4884,0
485,95,163,76,9975,19
614,24,59,39,624,0
915,25,25,14,875,11
934,44,139,118,1848,0
615,25,140,47,875,0
1042,52,574,31,1196,21
974,84,1148,222,6216,0
1664,74,510,59,4884,15
765,75,918,90,6375,0
945,55,570,124,3575,0
45,55,124,44,3575,11
1252,62,104,0,1674,62
1891,101,1565,223,2121,0
964,74,1244,0,4884,74
995,105,0,169,12075,0
1814,24,71,14,624,10
1974,84,1579,239,6216,0
1055,65,748,105,4875,0
1015,25,166,14,875,11
1174,84,1400,222,6216,0
1075,85,552,0,8075,85
1065,75,852,215,6375,0
1942,52,132,148,1196,0
1584,94,837,37,7708,57
843,53,69,0,1908,53
772,82,1398,0,2870,82
684,94,598,132,7708,0
1304,14,23,23,252,0
764,74,669,104,4884,0
1841,51,63,103,561,0
1134,44,119,0,1848,44
451,61,579,110,793,0
452,62,443,0,1674,62
1094,104,834,295,9360,0
1890,100,523,40,0,60
1214,24,47,66,624,0
1294,104,1185,0,9360,104
1334,44,477,137,1848,0
483,93,663,150,5580,0
1701,11,5,4,33,7
544,54,95,32,2700,22
273,83,175,0,4482,83
653,63,675,24,2646,39
383,93,1014,0,5580,93
803,13,28,40,156,0
563,73,682,88,3504,0
903,13,28,4,156,9
833,43,380,0,1290,43
1991,101,1854,40,2121,61
1052,62,417,74,1674,0
1951,61,680,98,793,0
1383,93,39,0,5580,93
1333,43,399,106,1290,0
133,43,247,16,1290,27
553,63,594,167,2646,0
1154,64,697,157,3712,0
1054,64,167,117,3712,0
1244,54,621,87,2700,0
1583,93,0,188,5580,0
1703,13,14,40,156,0
164,74,1276,59,4884,15
280,90,544,0,0,90
32,42,72,85,798,0
1923,33,210,82,792,0
1903,13,28,0,156,13
873,83,1050,100,4482,0
1952,62,756,0,1674,62
193,103,1462,145,6798,0
223,33,165,0,792,33
1434,44,19,118,1848,0
1574,84,1651,257,6216,0
613,23,66,63,414,0
1933,43,323,25,1290,18
1374,84,502,170,6216,0
853,63,540,193,2646,0
763,73,775,58,3504,15
224,34,31,0,1156,34
83,93,624,188,5580,0
1872,82,1295,148,2870,0
1661,71,992,57,1065,14
1112,22,20,0,242,22
143,53,69,31,1908,22
933,43,361,115,1290,0
194,104,658,125,9360,0
114,24,83,66,624,0
384,94,1715,171,7708,0
704,14,31,1,252,13
1184,94,598,0,7708,94
1914,24,142,0,624,24
1654,64,641,11,3712,53
433,43,266,25,1290,18
5,15,26,0,375,15
1944,54,239,0,2700,54
75,85,1324,0,8075,85
633,43,437,115,1290,0
225,35,33,5,1575,30
255,65,316,187,4875,0
265,75,491,0,6375,75
1224,34,143,0,1156,34
1314,24,59,0,624,24
1264,74,1244,0,4884,74
1364,74,446,0,4884,74
1404,14,7,0,252,14
1344,54,119,110,2700,0
1384,94,1236,0,7708,94
1484,94,997,248,7708,0
1324,34,222,48,1156,0
1464,74,1276,29,4884,45
1564,74,510,165,4884,0
1704,14,23,40,252,0
1133,43,57,124,1290,0
1463,73,186,0,3504,73
1784,94,119,0,7708,94
1804,14,47,0,252,14
1844,54,549,0,2700,54
1934,44,99,62,1848,0
1964,74,988,104,4884,0
1984,94,0,287,7708,0
25,35,268,103,1575,0
35,45,332,131,2475,0
1954,64,474,51,3712,13
65,75,590,60,6375,15
85,95,1428,76,9975,19
115,25,64,9,875,16
545,55,744,21,3575,34
535,45,166,131,2475,0
745,55,620,44,3575,11
805,15,35,0,375,15
685,95,856,251,9975,0
1123,33,210,0,792,33
262,72,722,160,2232,0
1343,53,644,141,1908,0
1751,61,277,85,793,0
815,25,12,64,875,0
295,105,1299,0,12075,105
315,25,64,47,875,0
195,105,1299,62,12075,43
405,15,17,0,375,15
365,75,426,184,6375,0
355,65,662,52,4875,13
1803,13,0,0,156,13
361,71,175,114,1065,0
1863,73,341,0,3504,73
1963,73,651,58,3504,15
1854,64,139,0,3712,64
1874,84,1184,135,6216,0
275,85,1104,0,8075,85
235,45,20,73,2475,0
105,15,70,36,375,0
285,95,40,17,9975,78
435,45,478,0,2475,45
335,45,332,0,2475,45
475,85,294,137,8075,0
525,35,218,57,1575,0
245,55,694,0,3575,55
785,95,40,114,9975,0
84,94,1556,267,7708,0
95,105,358,213,12075,0
14,24,107,34,624,0
254,64,920,38,3712,26
1131,41,378,0,369,41
395,105,1702,0,12075,105
215,25,102,75,875,0
1794,104,878,0,9360,104
695,105,672,277,12075,0
1254,64,223,183,3712,0
1554,64,502,51,3712,13
845,55,99,89,3575,0
414,24,47,45,624,0
1724,34,174,0,1156,34
1894,104,395,83,9360,21
1604,14,39,27,252,0
1744,54,215,0,2700,54
1674,84,610,0,6216,84
1754,64,390,130,3712,0
1624,34,254,0,1156,34
1764,74,478,135,4884,0
1824,34,270,107,1156,0
1924,34,174,48,1156,0
264,74,861,0,4884,74
145,55,644,9,3575,46
375,85,1361,15,8075,70
425,35,67,0,1575,35
455,65,489,187,4875,0
665,75,295,184,6375,0
755,65,576,187,4875,0
675,85,883,261,8075,0
605,15,26,36,375,0
152,62,548,0,1674,62
795,105,537,213,12075,0
1132,42,126,25,798,17
634,44,437,17,1848,27
495,105,2105,19,12075,86
445,55,620,0,3575,55
465,75,164,60,6375,15
135,45,353,0,2475,45
1994,104,1580,19,9360,85
1774,84,646,118,6216,0
444,54,239,144,2700,0
505,15,0,0,375,15
674,84,753,153,6216,0
694,104,1931,41,9360,63
774,84,1077,222,6216,0
925,35,84,65,1575,0
914,24,142,3,624,21
655,65,806,38,4875,27
122,32,183,38,480,0
1034,44,99,0,1848,44
1594,104,2370,62,9360,42
1044,54,454,121,2700,0
1084,94,1635,132,7708,0
835,45,20,0,2475,45
1104,14,15,37,252,0
1622,32,155,58,480,0
1045,55,744,101,3575,0
1103,13,0,19,156,0
1163,73,1116,133,3504,0
935,45,457,73,2475,0
1323,33,30,26,792,7
955,65,979,187,4875,0
1851,61,126,0,793,61
1204,14,7,37,252,0
514,24,47,19,624,5
604,14,15,23,252,0
644,54,167,76,2700,0
92,102,294,184,4386,0
864,74,1180,0,4884,74
715,25,89,47,875,0
854,64,837,0,3712,64
834,44,358,0,1848,44
944,54,310,121,2700,0
904,14,31,8,252,6
965,75,393,0,6375,75
155,65,748,173,4875,0
1474,84,933,0,6216,84
975,85,294,190,8075,0
895,105,1568,191,12075,0
994,104,2458,125,9360,0
875,85,368,208,8075,0
1124,34,222,0,1156,34
1035,45,332,36,2475,9
1144,54,525,121,2700,0
985,95,1183,153,9975,0
294,104,1536,274,9360,0
1025,35,50,28,1575,7
702,12,36,0,84,12
1614,24,35,71,624,0
165,75,0,106,6375,0
1074,84,107,101,6216,0
1064,74,1244,0,4884,74
200,10,4,4,0,6
1005,15,0,33,375,0
404,14,0,17,252,0
1265,75,262,13,6375,62
1345,55,248,0,3575,55
1565,75,65,106,6375,0
1395,105,1612,0,12075,105
1445,55,223,44,3575,11
1535,45,187,131,2475,0
1495,105,2598,0,12075,105
76,86,1583,139,10062,0
1165,75,0,106,6375,0
305,15,35,0,375,15
1755,65,921,0,4875,65
1175,85,1398,261,8075,0
1465,75,131,44,6375,31
1935,45,83,131,2475,0
1365,75,65,184,6375,0
1645,55,173,0,3575,55
1415,25,64,75,875,0
66,76,775,0,7980,76
1765,75,229,0,6375,75
1795,105,224,213,12075,0
1815,25,0,0,875,25
376,86,0,229,10062,0
1885,95,1672,37,9975,58
1985,95,122,37,9975,58
6,16,19,0,528,16
1635,45,166,0,2475,45
296,106,2239,0,14946,106
386,96,1084,275,12384,0
1305,15,35,51,375,0
1405,15,26,43,375,0
1355,65,576,92,4875,0
1275,85,1435,15,8075,70
1505,15,35,0,375,15
1715,25,89,0,875,25
1115,25,128,20,875,5
1125,35,285,0,1575,35
1195,105,2329,0,12075,105
1155,65,345,133,4875,0
1705,15,26,0,375,15
1455,65,892,92,4875,0
1865,75,1312,199,6375,0
1905,15,35,0,375,15
86,96,667,0,12384,96
1575,85,1655,0,8075,85
1221,31,105,0,217,31
824,34,79,41,1156,0
1695,105,1030,0,12075,105
236,46,477,75,3174,0
346,56,385,9,4536,47
1235,45,312,54,2475,0
1955,65,806,160,4875,0
1595,105,1299,321,12075,0
1945,55,595,0,3575,55
1775,85,73,0,8075,85
356,66,326,149,6138,0
476,86,791,211,10062,0
1845,55,148,0,3575,55
1995,105,448,62,12075,43
306,16,0,27,528,0
546,56,668,0,4536,56
406,16,48,43,528,0
1135,45,20,83,2475,0
36,46,43,0,3174,46
156,66,891,163,6138,0
106,16,58,43,528,0
396,106,776,19,14946,87
226,36,247,0,2052,36
366,76,33,13,7980,63
1225,35,268,20,1575,15
516,26,150,21,1170,5
626,36,35,0,2052,36
506,16,67,23,528,0
1325,35,84,0,1575,35
1255,65,115,146,4875,0
1295,105,492,84,12075,21
1095,105,2419,169,12075,0
646,56,257,139,4536,0
466,76,572,13,7980,63
686,96,41,295,12384,0
636,46,434,0,3174,46
706,16,58,43,528,0
1745,55,471,113,3575,0
1725,35,67,5,1575,30
1605,15,35,8,375,7
1515,25,76,36,875,0
1785,95,40,153,9975,0
1685,95,1591,0,9975,95
566,76,269,203,7980,0
756,66,772,0,6138,66
816,26,123,31,1170,0
786,96,542,175,12384,0
16,26,137,0,1170,26
1655,65,662,133,4875,0
146,56,102,45,4536,11
116,26,54,15,1170,11
196,106,502,237,14946,0
1625,35,252,80,1575,0
866,76,370,139,7980,0
266,76,1280,187,7980,0
1475,85,331,50,8075,35
896,106,2010,127,14946,0
316,26,0,37,1170,0
1435,45,20,26,2475,19
1185,95,979,193,9975,0
1825,35,252,5,1575,30
326,36,141,0,2052,36
1835,45,374,141,2475,0
1375,85,809,173,8075,0
56,66,445,163,6138,0
1485,95,2039,0,9975,95
1975,85,36,208,8075,0
1895,105,2374,321,12075,0
256,66,1039,0,6138,66
1925,35,252,13,1575,22
1245,55,322,124,3575,0
1315,25,25,0,875,25
1585,95,122,0,9975,95
26,36,70,21,2052,15
1735,45,291,0,2475,45
1555,65,460,0,4875,65
1425,35,218,111,1575,0
216,26,123,37,1170,0
186,96,917,255,12384,0
246,56,411,175,4536,0
416,26,178,79,1170,0
486,96,0,295,12384,0
1875,85,147,0,8075,85
1915,25,64,30,875,0
446,56,102,103,4536,0
96,106,2056,325,14946,0
1965,75,295,90,6375,0
136,46,108,0,3174,46
496,106,2056,193,14946,0
286,96,125,275,12384,0
126,36,70,0,2052,36
276,86,0,193,10062,0
206,16,29,5,528,11
1385,95,367,0,9975,95
676,86,1734,175,10062,0
606,16,48,35,528,0
1285,95,530,0,9975,95
1525,35,319,65,1575,0
1335,45,457,0,2475,45
806,16,77,47,528,0
1665,75,164,231,6375,0
1006,16,48,51,528,0
946,56,205,139,4536,0
1166,76,33,235,7980,0
576,86,1357,175,10062,0
526,36,300,83,2052,0
726,36,318,0,2052,36
1136,46,477,75,3174,0
1016,26,27,31,1170,0
1176,86,829,103,10062,0
336,46,477,65,3174,0
656,66,207,11,6138,55
426,36,53,5,2052,31
596,106,914,171,14946,0
1186,96,1501,275,12384,0
966,76,202,13,7980,63
1126,36,212,0,2052,36
1086,96,166,0,12384,96
976,86,942,0,10062,86
556,66,356,0,6138,66
1026,36,247,43,2052,0
1615,25,25,36,875,0
586,96,1209,235,12384,0
736,46,499,0,3174,46
1805,15,44,40,375,0
796,106,959,0,14946,106
46,56,102,0,4536,56
166,76,337,0,7980,76
846,56,179,163,4536,0
176,86,37,33,10062,53
1205,15,17,12,375,3
886,96,1042,0,12384,96
616,26,82,49,1170,0
936,46,86,27,3174,19
836,46,260,0,3174,46
956,66,623,121,6138,0
826,36,212,67,2052,0
1066,76,539,139,7980,0
1545,55,719,44,3575,11
666,76,572,139,7980,0
1216,26,150,79,1170,0
1106,16,19,35,528,0
1085,95,856,17,9975,78
1296,106,228,19,14946,87
536,46,303,135,3174,0
716,26,54,9,1170,17
456,66,831,0,6138,66
1226,36,88,0,2052,36
1376,86,753,103,10062,0
1076,86,490,15,10062,71
1386,96,1584,0,12384,96
1206,16,38,23,528,0
1336,46,0,145,3174,0
1196,106,1051,193,14946,0
1406,16,77,31,528,0
1256,66,980,79,6138,0
1236,46,520,37,3174,9
906,16,19,39,528,0
1286,96,1084,37,12384,59
1266,76,1246,107,7980,0
1306,16,0,1,528,15
1326,36,123,51,2052,0
926,36,230,91,2052,0
996,106,639,303,14946,0
1246,56,668,0,4536,56
856,66,1069,93,6138,0
1146,56,282,151,4536,0
766,76,775,0,7980,76
1036,46,260,125,3174,0
1056,66,772,79,6138,0
916,26,0,0,1170,26
876,86,640,0,10062,86
1116,26,150,15,1170,11
1276,86,1206,211,10062,0
1105,15,0,0,375,15
1396,106,2467,85,14946,21
1145,55,620,9,3575,46
1096,106,502,237,14946,0
1316,26,178,0,1170,26
1156,66,504,163,6138,0
1366,76,775,0,7980,76
1046,56,334,103,4536,0
1675,85,1361,50,8075,35
696,106,548,0,14946,106
986,96,1042,195,12384,0
746,56,25,127,4536,0
1215,25,115,47,875,0
436,46,65,0,3174,46
1855,65,864,92,4875,0
776,86,980,265,10062,0
177,87,1196,123,12180,0
1346,56,745,175,4536,0
1516,26,0,31,1170,0
1606,16,29,35,528,0
1556,66,623,0,6138,66
1526,36,177,83,2052,0
1966,76,1011,203,7980,0
1626,36,53,51,2052,0
1646,56,591,103,4536,0
1356,66,0,93,6138,0
1826,36,141,91,2052,0
1726,36,265,5,2052,31
1716,26,0,3,1170,23
1696,106,274,0,14946,106
97,107,1631,41,17976,66
1876,86,1583,121,10062,0
1926,36,106,107,2052,0
357,67,795,152,7504,0
487,97,1704,238,14938,0
1706,16,19,0,528,16
1996,106,1690,237,14946,0
597,107,2656,0,17976,107
367,77,518,239,9702,0
567,77,1141,29,9702,48
1656,66,356,121,6138,0
47,57,691,33,5586,24
1007,17,95,59,714,0
997,107,46,0,17976,107
77,87,1042,123,12180,0
1017,27,43,0,1512,27
417,27,87,0,1512,27
1576,86,1319,0,10062,86
1476,86,376,0,10062,86
1936,46,434,55,3174,0
217,27,116,70,1512,0
1846,56,565,0,4536,56
827,37,297,78,2590,0
317,27,58,0,1512,27
517,27,116,9,1512,18
227,37,316,13,2590,24
377,87,1466,51,12180,36
1596,106,685,281,14946,0
687,97,2215,198,14938,0
507,17,10,46,714,0
737,47,519,0,3948,47
717,27,146,33,1512,0
797,107,186,41,17976,66
957,67,581,0,7504,67
1047,57,292,0,5586,57
1916,26,13,9,1170,17
917,27,131,21,1512,6
347,57,744,142,5586,0
1416,26,123,73,1170,0
787,97,596,77,14938,20
837,47,22,27,3948,20
927,37,353,29,2590,8
267,77,242,0,9702,77
1546,56,334,91,4536,0
307,17,0,5,714,12
327,37,148,45,2590,0
907,17,84,0,714,17
187,97,383,77,14938,20
117,27,0,0,1512,27
407,17,21,0,714,17
427,37,167,0,2590,37
437,47,361,77,3948,0
467,77,34,109,9702,0
287,97,1533,17,14938,80
647,57,824,21,5586,36
937,47,339,118,3948,0
667,77,380,206,9702,0
727,37,37,0,2590,37
897,107,2702,0,17976,107
777,87,1196,250,12180,0
87,97,1363,238,14938,0
1067,77,103,29,9702,48
1776,86,75,33,10062,53
37,47,542,0,3948,47
1806,16,0,35,528,0
1866,76,1213,0,7980,76
807,17,0,5,714,12
1756,66,29,191,6138,0
1736,46,368,17,3174,29
987,97,340,218,14938,0
337,47,384,17,3948,30
477,87,424,33,12180,54
557,67,948,11,7504,56
1436,46,390,0,3174,46
677,87,1312,159,12180,0
527,37,93,5,2590,32
697,107,605,0,17976,107
867,77,345,109,9702,0
847,57,425,105,5586,0
857,67,336,0,7504,67
1426,36,212,51,2052,0
537,47,565,0,3948,47
1746,56,514,115,4536,0
447,57,106,81,5586,0
1766,76,1381,155,7980,0
1496,106,2650,127,14946,0
1057,67,1071,53,7504,14
1616,26,164,85,1170,0
1566,76,269,45,7980,31
1506,16,29,5,528,11
1586,96,1751,235,12384,0
1686,96,2001,215,12384,0
1666,76,876,29,7980,47
1636,46,0,55,3174,0
1906,16,9,47,528,0
1456,66,712,121,6138,0
107,17,42,50,714,0
67,77,345,29,9702,48
1956,66,861,121,6138,0
257,67,214,109,7504,0
247,57,638,179,5586,0
1896,106,594,259,14946,0
27,37,167,0,2590,37
1796,106,2239,85,14946,21
297,107,2050,0,17976,107
157,67,765,138,7504,0
1037,47,158,0,3948,47
1027,37,372,0,2590,37
1976,86,188,0,10062,86
237,47,203,98,3948,0
1946,56,0,33,4536,23
1466,76,707,187,7980,0
1836,46,282,125,3174,0
1786,96,1209,0,12384,96
1986,96,1084,0,12384,96
457,67,612,0,7504,67
547,57,372,81,5586,0
817,27,160,0,1512,27
627,37,372,13,2590,24
497,107,2236,19,17976,88
617,27,43,0,1512,27
637,47,113,67,3948,0
967,77,415,93,9702,0
607,17,84,29,714,0
707,17,95,0,714,17
197,107,1631,195,17976,0
587,97,809,0,14938,97
977,87,1119,123,12180,0
1536,46,390,27,3174,19
1886,96,1542,0,12384,96
277,87,38,0,12180,87
1147,57,106,0,5586,57
657,67,1132,53,7504,14
147,57,505,81,5586,0
387,97,1065,77,14938,20
1676,86,263,0,10062,86
57,67,0,180,7504,0
17,27,116,76,1512,0
877,87,1312,232,12180,0
887,97,2172,278,14938,0
137,47,474,0,3948,47
397,107,1677,0,17976,107
1856,66,712,53,6138,13
7,17,53,0,714,17
947,57,558,0,5586,57
747,57,611,0,5586,57
577,87,1080,196,12180,0
1486,96,1709,215,12384,0
757,67,550,53,7504,14
207,17,31,42,714,0
767,77,69,0,9702,77
167,77,1280,0,9702,77
1446,56,565,9,4536,47
1097,107,1304,151,17976,0
1197,107,1071,85,17976,22
1247,57,345,0,5586,57
127,37,372,0,2590,37
1816,26,178,61,1170,0
1077,87,0,196,12180,0
1367,77,103,0,9702,77
1407,17,74,29,714,0
1567,77,761,141,9702,0
1157,67,1040,209,7504,0
1227,37,260,61,2590,0
1597,107,1537,41,17976,66
1107,17,95,0,714,17
1847,57,452,0,5586,57
1627,37,55,78,2590,0
1827,37,223,29,2590,8
1087,97,2044,0,14938,97
1167,77,345,61,9702,16
1187,97,1235,137,14938,0
1297,107,419,41,17976,66
1397,107,1211,41,17976,66
1237,47,474,128,3948,0
1517,27,189,0,1512,27
1607,17,0,0,714,17
1737,47,361,138,3948,0
1817,27,146,21,1512,6
1707,17,31,0,714,17
1887,97,213,57,14938,40
1897,107,1304,0,17976,107
1137,47,542,57,3948,0
1357,67,1132,0,7504,67
1307,17,53,54,714,0
1667,77,622,125,9702,0
1467,77,622,174,9702,0
1287,97,170,0,14938,97
1477,87,347,105,12180,0
1177,87,231,33,12180,54
1117,27,14,0,1512,27
1377,87,1196,159,12180,0
1337,47,67,67,3948,0
1387,97,809,299,14938,0
1417,27,43,70,1512,0
1577,87,1003,15,12180,72
1617,27,131,0,1512,27
1447,57,319,0,5586,57
1537,47,22,77,3948,0
1487,97,894,278,14938,0
1657,67,642,0,7504,67
1697,107,419,0,17976,107
1727,37,279,102,2590,0
1677,87,1273,0,12180,87
1747,57,611,0,5586,57
1787,97,0,0,14938,97
1717,27,58,58,1512,0
1687,97,809,278,14938,0
1797,107,559,329,17976,0
1837,47,271,128,3948,0
1947,57,425,21,5586,36
1917,27,43,15,1512,12
1857,67,1040,152,7504,0
1277,87,386,196,12180,0
1317,27,102,9,1512,18
1647,57,798,45,5586,12
1437,47,339,0,3948,47
1267,77,1141,0,9702,77
1587,97,255,37,14938,60
1497,107,139,240,17976,0
1457,67,153,39,7504,28
1877,87,386,159,12180,0
1217,27,116,3,1512,24
1347,57,159,0,5586,57
1327,37,204,13,2590,24
1207,17,42,25,714,0
1427,37,74,21,2590,16
1507,17,53,0,714,17
1257,67,826,81,7504,0
1557,67,306,166,7504,0
1527,37,334,78,2590,0
1127,37,353,61,2590,0
1637,47,67,17,3948,30
1757,67,918,109,7504,0
1807,17,95,54,714,0
1547,57,478,0,5586,57
1907,17,95,0,714,17
1767,77,691,13,9702,64
218,28,232,0,1904,28
288,98,1131,241,17640,0
268,78,1029,12,11544,66
1957,67,642,81,7504,0
1777,87,1351,69,12180,18
228,38,312,0,3192,38
378,88,158,33,14432,55
438,48,564,0,4800,48
78,88,1145,0,14432,88
238,48,282,58,4800,0
408,18,57,40,936,0
1937,47,113,149,3948,0
18,28,186,86,1904,0
248,58,302,0,6728,58
138,48,0,132,4800,0
168,78,816,111,11544,0
348,58,522,108,6728,0
418,28,232,0,1904,28
448,58,852,95,6728,0
428,38,117,0,3192,38
208,18,103,40,936,0
278,88,1698,0,14432,88
398,108,2565,333,21168,0
898,108,285,63,21168,45
188,98,1000,159,17640,0
538,48,352,90,4800,0
1987,97,1448,157,14938,0
198,108,1947,18,21168,90
478,88,276,106,14432,0
508,18,103,0,936,18
488,98,1392,303,17640,0
1997,107,1165,218,17976,0
588,98,174,282,17640,0
608,18,57,49,936,0
568,78,1349,12,11544,66
618,28,62,80,1904,0
798,108,570,0,21168,108
888,98,565,262,17640,0
698,108,1092,243,21168,0
1078,88,1264,0,14432,88
1068,78,923,144,11544,0
338,48,540,142,4800,0
388,98,2131,200,17640,0
148,58,632,145,6728,0
828,38,253,97,3192,0
808,18,34,31,936,0
518,28,201,86,1904,0
868,78,461,62,11544,16
578,88,790,33,14432,55
1048,58,715,158,6728,0
908,18,46,36,936,0
998,108,1140,0,21168,108
128,38,19,0,3192,38
258,68,1102,10,8976,58
948,58,797,0,6728,58
1028,38,234,21,3192,17
1038,48,0,0,4800,48
1008,18,80,54,936,0
978,88,395,143,14432,0
818,28,217,86,1904,0
558,68,976,140,8976,0
1867,77,0,29,9702,48
1977,87,849,214,12180,0
1018,28,170,47,1904,0
28,38,175,13,3192,25
108,18,34,0,936,18
118,28,124,0,1904,28
628,38,312,0,3192,38
718,28,15,60,1904,0
918,28,15,2,1904,26
878,88,158,0,14432,88
788,98,1174,159,17640,0
758,68,189,0,8976,68
458,68,693,111,8976,0
8,18,57,54,936,0
88,98,1174,262,17640,0
98,108,760,86,21168,22
178,88,434,33,14432,55
548,58,880,108,6728,0
328,38,273,80,3192,0
358,68,1008,169,8976,0
318,28,46,80,1904,0
468,78,923,127,11544,0
48,58,742,170,6728,0
498,108,1947,0,21168,108
58,68,504,184,8976,0
648,58,27,0,6728,58
598,108,2802,153,21168,0
678,88,553,14,14432,74
838,48,493,0,4800,48
858,68,756,0,8976,68
668,78,1100,127,11544,0
728,38,175,4,3192,34
778,88,1659,236,14432,0
1058,68,220,155,8976,0
768,78,177,0,11544,78
1308,18,34,0,936,18
688,98,870,221,17640,0
368,78,745,144,11544,0
308,18,103,5,936,13
158,68,1071,0,8976,68
298,108,1900,153,21168,0
1927,37,55,0,2590,37
938,48,564,0,4800,48
1088,98,1696,262,17640,0
968,78,568,0,11544,78
1098,108,1710,310,21168,0
848,58,357,0,6728,58
68,78,390,62,11544,16
638,48,94,142,4800,0
748,58,412,0,6728,58
988,98,1740,37,17640,61
708,18,23,5,936,13
658,68,157,0,8976,68
38,48,164,0,4800,48
1967,77,276,141,9702,0
738,48,211,17,4800,31
528,38,136,106,3192,0
928,38,292,106,3192,0
1208,18,57,27,936,0
1188,98,652,0,17640,98
1168,78,1491,62,11544,16
958,68,441,0,8976,68
1108,18,69,63,936,0
1128,38,136,114,3192,0
1328,38,156,106,3192,0
1148,58,495,0,6728,58
1258,68,567,0,8976,68
1228,38,78,72,3192,0
1238,48,329,79,4800,0
1408,18,80,14,936,4
1518,28,31,0,1904,28
1438,48,423,38,4800,10
1178,88,237,51,14432,37
1568,78,142,0,11544,78
1808,18,57,0,936,18
1718,28,93,9,1904,19
1198,108,902,333,21168,0
119,29,196,76,2349,0
209,19,24,10,1197,9
1218,28,186,22,1904,6
239,49,317,157,5733,0
299,109,2468,0,24525,109
1638,48,352,0,4800,48
1608,18,92,0,936,18
1498,108,1947,288,21168,0
1688,98,957,37,17640,61
1588,98,1174,0,17640,98
609,19,111,23,1197,0
879,89,121,0,16821,89
1968,78,426,127,11544,0
109,19,74,0,1197,19
69,79,1492,179,13509,0
199,109,193,291,24525,0
129,39,265,0,3861,39
489,99,310,0,20493,99
499,109,2758,0,24525,109
689,99,710,0,20493,99
679,89,1737,220,16821,0
569,79,1128,247,13509,0
969,79,1456,146,13509,0
889,99,177,223,20493,0
1129,39,142,109,3861,0
919,29,229,83,2349,0
1489,99,2220,0,20493,99
1559,69,1036,0,10557,69
1288,98,1174,118,17640,0
1799,109,435,314,24525,0
79,89,1494,0,16821,89
149,59,568,135,7965,0
519,29,147,49,2349,0
1248,58,440,0,6728,58
669,79,1310,95,13509,0
1728,38,273,63,3192,0
1758,68,220,25,8976,43
849,59,738,187,7965,0
749,59,482,110,7965,0
89,99,88,0,20493,99
759,69,680,187,10557,0
539,49,97,28,5733,21
1778,88,434,0,14432,88
289,99,1998,58,20493,41
959,69,842,25,10557,44
1469,79,800,0,13509,79
1139,49,610,28,5733,21
1039,49,439,0,5733,49
1229,39,142,100,3861,0
1868,78,1526,243,11544,0
1209,19,74,5,1197,14
1349,59,823,123,7965,0
1069,79,291,0,13509,79
1158,68,850,10,8976,58
1508,18,80,54,936,0
1708,18,92,5,936,13
1558,68,630,97,8976,0
1658,68,976,10,8976,58
1768,78,674,45,11544,33
1509,19,0,5,1197,14
1858,68,126,0,8976,68
1409,19,49,57,1197,0
1338,48,329,79,4800,0
1828,38,390,63,3192,0
1118,28,232,0,1904,28
1898,108,2517,243,21168,0
1918,28,108,0,1904,28
1698,108,1662,63,21168,45
449,59,681,110,7965,0
479,89,0,0,16821,89
1928,38,234,0,3192,38
559,69,194,98,10557,0
799,109,1403,177,24525,0
1259,69,939,0,10557,69
989,99,621,161,20493,0
1358,68,157,97,8976,0
1049,59,539,0,7965,59
1909,19,24,0,1197,19
49,59,738,34,7965,25
29,39,61,65,3861,0
169,79,837,163,13509,0
1798,108,2280,130,21168,0
729,39,61,47,3861,0
659,69,1101,0,10557,69
1859,69,388,0,10557,69
1779,89,404,0,16821,89
1889,99,1287,265,20493,0
1989,99,1554,265,20493,0
1939,49,97,0,5733,49
1418,28,124,2,1904,26
1428,38,390,63,3192,0
1668,78,319,45,11544,33
269,79,728,146,13509,0
1538,48,211,38,4800,10
1618,28,46,2,1904,26
1818,28,77,2,1904,26
1848,58,825,0,6728,58
1788,98,522,200,17640,0
1908,18,23,31,936,0
1738,48,423,38,4800,10
1958,68,724,82,8976,0
1598,108,332,0,21168,108
1838,48,23,0,4800,48
249,59,511,135,7965,0
9,19,12,0,1197,19
229,39,81,91,3861,0
1978,88,908,162,14432,0
59,69,745,40,10557,29
369,79,728,63,13509,16
319,29,0,0,2349,29
419,29,196,76,2349,0
439,49,414,103,5733,0
509,19,124,0,1197,19
589,99,1554,0,20493,99
309,19,74,0,1197,19
699,109,2807,0,24525,109
579,89,565,201,16821,0
549,59,795,161,7965,0
819,29,98,97,2349,0
929,39,224,0,3861,39
899,109,2226,200,24525,0
1059,69,453,217,10557,0
1109,19,49,0,1197,19
1359,69,0,113,10557,0
1429,39,102,0,3861,39
1289,99,666,286,20493,0
1249,59,397,110,7965,0
1279,89,1171,126,16821,0
1569,79,364,163,13509,0
1619,29,229,83,2349,0
1719,29,229,0,2349,29
1849,59,880,148,7965,0
1019,29,196,63,2349,0
1529,39,244,100,3861,0
1309,19,111,67,1197,0
1609,19,111,38,1197,0
1999,109,1790,0,24525,109
19,29,98,97,2349,0
1988,98,43,0,17640,98
39,49,390,59,5733,0
1378,88,197,106,14432,0
1368,78,1065,0,11544,78
639,49,73,0,5733,49
1458,68,1039,0,8976,68
1468,78,248,127,11544,0
259,69,939,55,10557,14
1318,28,46,34,1904,0
1388,98,1609,180,17640,0
1448,58,770,145,6728,0
1578,88,1580,254,14432,0
1488,98,1653,0,17640,98
359,69,421,0,10557,69
1639,49,341,0,5733,49
399,109,2420,0,24525,109
409,19,62,67,1197,0
1478,88,0,14,14432,74
139,49,146,0,5733,49
1629,39,326,65,3861,0
1398,108,190,0,21168,108
1548,58,495,158,6728,0
1648,58,825,8,6728,50
1948,58,852,83,6728,0
1628,38,234,89,3192,0
1878,88,0,0,14432,88
349,59,738,0,7965,59
1099,109,1597,131,24525,0
459,69,259,0,10557,69
1079,89,0,145,16821,0
1009,19,12,10,1197,9
789,99,444,37,20493,62
649,59,482,0,7965,59
1748,58,192,145,6728,0
1998,108,380,310,21168,0
709,19,86,10,1197,9
1938,48,564,0,4800,48
1169,79,1492,163,13509,0
939,49,317,6,5733,43
1399,109,145,291,24525,0
1159,69,518,187,10557,0
1199,109,1742,0,24525,109
1299,109,1210,154,24525,0
1479,89,121,126,16821,0
159,69,388,143,10557,0
179,89,1696,0,16821,89
329,39,387,109,3861,0
379,89,1373,71,16821,18
469,79,473,0,13509,79
829,39,20,127,3861,0
909,19,49,10,1197,9
1709,19,24,62,1197,0
1888,98,217,200,17640,0
599,109,1258,177,24525,0
1149,59,823,135,7965,0
1439,49,585,135,5733,0
1369,79,400,46,13509,33
949,59,539,0,7965,59
1549,59,312,174,7965,0
1869,79,546,112,13509,0
1278,88,869,199,14432,0
1419,29,164,90,2349,0
1599,109,2468,268,24525,0
1589,99,666,79,20493,20
1839,49,195,113,5733,0
1699,109,242,245,24525,0
1739,49,512,39,5733,10
1829,39,265,0,3861,39
1969,79,218,0,13509,79
1979,89,1131,0,16821,89
1678,88,711,217,14432,0
1919,29,0,83,2349,0
1268,78,1420,94,11544,0
1528,38,331,46,3192,0
1459,69,874,113,10557,0
1298,108,237,0,21168,108
219,29,16,76,2349,0
339,49,73,70,5733,0
619,29,49,0,2349,29
279,89,1010,52,16821,37
189,99,1687,16,20493,83
389,99,2086,182,20493,0
429,39,102,13,3861,26
869,79,837,247,13509,0
769,79,364,29,13509,50
839,49,439,146,5733,0
779,89,888,239,16821,0
859,69,648,187,10557,0
739,49,73,59,5733,0
979,89,444,145,16821,0
999,109,2468,41,24525,68
1319,29,213,0,2349,29
1379,89,0,14,16821,75
1339,49,268,124,5733,0
1499,109,48,0,24525,109
1239,49,73,0,5733,49
1389,99,0,244,20493,0
1449,59,369,110,7965,0
1519,29,131,83,2349,0
1689,99,488,286,20493,0
1539,49,244,17,5733,32
1789,99,1021,0,20493,99
1769,79,1565,0,13509,79
1809,19,62,62,1197,0
1679,89,1898,0,16821,89
1759,69,874,187,10557,0
1929,39,224,100,3861,0
1879,89,808,201,16821,0
1949,59,596,161,7965,0
529,39,367,118,3861,0
99,109,145,268,24525,0
719,29,98,69,2349,0
629,39,0,47,3861,0
809,19,49,28,1197,0
1959,69,453,10,10557,59
1119,29,164,0,2349,29
1189,99,488,161,20493,0
1219,29,65,49,2349,0
1179,89,1818,14,16821,75
1089,99,355,286,20493,0
1029,39,0,91,3861,0
1329,39,142,22,3861,17
1269,79,1492,230,13509,0
1659,69,97,172,10557,0
1669,79,655,247,13509,0
1899,109,2758,64,24525,45
1819,29,65,42,2349,0
1649,59,823,174,7965,0
1729,39,0,0,3861,39
1348,58,165,108,6728,0
1138,48,282,153,4800,0
1579,89,888,0,16821,89
1749,59,880,174,7965,0
